zipcode,lot_size_sf,beds,baths,year_built,kitchen_refurbished,square_feet,pool,parking,style,multi_family,price
74467,2396,5,2,2013,0,1998,0,1,mediterranean,0,95395
27705,11154,4,4,1979,0,1558,0,1,mediterranean,0,381756
83703,7990,3,1,1851,1,3753,0,1,cottage,0,712701
02035,1914,1,1,1903,0,1603,0,0,mediterranean,0,360703
19709,12800,5,4,1786,1,5339,0,1,victorian,0,1014812
95608,9560,6,3,1980,0,2400,0,1,mediterranean,0,632205
60631,9279,5,3,2005,0,3793,0,1,contemporary,0,705504
22152,2945,1,1,1857,1,1360,0,0,colonial,0,407682
12095,30755,1,1,1843,0,1854,0,1,victorian,0,404135
60062,3547,2,3,2009,0,1859,0,1,other,0,498528
92251,2229,4,3,1994,0,1347,1,1,colonial,0,230485
36693,51084,2,4,1791,1,999,0,1,cottage,1,419481
78219,4105,7,1,1995,0,2935,1,1,ranch,0,221111
11365,1925,3,2,1827,0,1925,0,0,victorian,0,689848
60585,2701,1,1,1840,1,1107,0,1,ranch,0,248856
27614,2989,2,1,1990,0,1454,0,1,colonial,0,347711
60415,3673,2,3,1984,0,1598,0,1,craftsman,0,192538
95326,5755,7,4,1881,0,2109,1,1,ranch,0,503714
47006,15363,4,3,1806,1,4404,0,0,cottage,1,394414
63135,3630,3,2,1884,1,2306,0,1,ranch,0,95987
15220,11292,5,4,1971,0,1585,1,1,colonial,0,299054
48197,1525,1,3,1975,0,1221,0,0,ranch,0,118791
91306,9680,1,2,1832,1,6442,1,1,colonial,0,1778391
30728,3359,3,1,1921,1,1143,0,0,other,0,117128
84720,4593,4,2,1878,0,3287,0,1,mediterranean,1,262768
60074,4171,6,1,1854,0,2586,0,1,colonial,0,360909
53212,18723,7,4,1827,1,1137,0,1,victorian,0,351878
37087,3528,7,3,1916,0,2793,0,1,ranch,1,270540
07078,2733,1,2,1976,0,2733,0,1,mediterranean,1,1311329
78250,4661,6,3,1810,1,1763,1,1,victorian,0,287039
34428,1998,1,3,1848,1,1484,0,1,victorian,0,181845
58701,2226,5,2,2014,0,1059,0,1,victorian,0,136462
03060,15209,1,1,1976,0,2068,0,1,colonial,0,417740
13345,2221,1,4,1926,0,1743,0,1,other,0,127663
77089,4193,3,1,1922,1,2739,1,1,cottage,0,298687
76033,2789,1,1,2020,0,2137,1,1,contemporary,0,190966
44130,3547,3,1,1799,0,1411,0,1,other,0,141395
95686,52431,3,2,1974,0,1609,1,1,ranch,0,871923
85283,3491,2,2,1864,1,1835,1,1,other,0,325724
22101,2931,2,1,2020,0,2030,1,0,other,0,1142021
23504,4821,6,2,1827,1,4625,0,1,craftsman,0,433535
93277,3289,6,1,1839,1,1583,0,1,tudor,0,266287
35811,3125,7,3,1978,0,1222,0,1,other,1,113539
48038,5178,1,1,1976,1,4764,0,1,tudor,0,461482
78155,1374,5,4,1848,1,1123,1,1,ranch,0,150343
17350,6320,6,4,1888,1,1795,0,1,contemporary,0,289365
28166,2628,7,1,1889,0,2042,0,1,cottage,0,263509
32765,7870,1,3,2005,0,1482,1,1,mediterranean,0,326924
72404,5067,5,2,1848,1,4132,0,1,colonial,0,380803
97229,7903,2,4,1913,0,2052,0,1,craftsman,0,666908
45742,1785,5,1,1937,1,1376,0,1,colonial,0,106144
02703,3557,6,4,1869,1,1980,0,1,mediterranean,0,403590
66539,3239,4,3,2004,0,2034,0,1,other,0,209882
54601,4837,3,1,1934,1,3798,0,1,mediterranean,0,320309
02122,4094,2,4,1949,1,2121,0,0,ranch,0,575322
91752,4120,6,3,1790,0,3857,1,1,mediterranean,0,1024077
16214,20091,3,1,1796,0,3534,0,1,tudor,0,384381
59405,1484,1,4,1957,0,1165,0,1,tudor,0,130002
75089,2199,5,1,1821,1,1387,1,1,mediterranean,0,238079
74604,2726,7,3,1924,0,2571,0,1,tudor,0,194769
07670,3118,2,4,1845,0,1353,0,0,cottage,1,372563
60016,6790,4,3,1979,0,2048,0,1,contemporary,0,388518
91763,2496,7,1,1913,1,2145,1,1,craftsman,1,346510
74339,9398,4,3,1796,0,1473,0,1,contemporary,0,132189
59417,16106,5,3,1863,0,1565,0,1,tudor,0,256708
84092,5577,2,2,1923,1,1888,0,1,contemporary,0,590937
32514,6398,3,1,1883,1,5129,0,1,mediterranean,0,430290
14215,4477,6,2,1896,0,2084,0,1,mediterranean,1,94968
41837,2924,3,2,1918,1,2559,0,1,cottage,0,56979
52722,4896,3,2,1935,0,1976,0,1,mediterranean,0,245398
39362,1334,1,3,1861,1,1108,0,1,craftsman,0,62261
33755,3942,1,3,1821,0,3586,1,1,craftsman,0,355397
01810,3788,6,3,1972,0,2970,0,0,colonial,0,976463
60453,66684,3,1,1899,1,1816,0,1,contemporary,0,850384
17019,3149,5,2,1915,0,2093,0,1,other,0,264175
70819,1846,4,4,1808,1,1180,1,0,mediterranean,0,143739
56379,2017,2,2,2020,0,1450,1,1,colonial,1,102019
32350,3043,6,2,1852,0,2311,1,1,colonial,1,123013
28210,3578,4,3,1969,0,2977,0,1,other,0,515722
83709,7469,7,2,2020,0,2681,0,1,contemporary,0,532318
45039,6455,7,3,1871,1,2246,0,1,tudor,0,400175
47944,34603,1,3,2010,0,2012,0,1,ranch,0,413619
76086,12459,4,3,1848,1,1759,0,1,mediterranean,0,305723
90043,17364,4,4,1986,0,1072,0,1,tudor,0,637127
43085,4054,5,3,1899,1,1229,0,1,tudor,0,282830
49509,4284,6,1,1976,0,1585,0,1,cottage,0,187791
23229,8336,3,4,1906,1,1368,0,1,victorian,0,370673
33183,2428,1,2,1843,1,1751,0,0,victorian,0,241185
94542,5817,7,1,1993,0,1870,1,0,contemporary,0,908899
93908,7832,2,1,1914,0,6046,0,1,other,0,2162035
91911,14034,3,3,1901,1,2362,1,1,victorian,0,781000
26726,27370,1,4,1782,1,3198,0,1,victorian,0,434800
87401,21799,7,2,1907,0,1855,0,1,craftsman,0,404820
34117,7302,4,2,1971,0,2814,0,1,tudor,0,498015
22840,19663,2,1,1836,1,3296,0,0,other,0,551173
60616,3859,4,3,1866,1,2662,0,0,ranch,0,491025
32810,33390,6,3,2013,0,1599,1,1,other,0,510021
72703,2218,4,2,1963,1,2072,0,1,tudor,0,269952
06078,7212,4,3,2003,0,2883,1,1,cottage,0,517046
28787,2228,3,1,2003,0,1884,0,1,cottage,1,204206
80916,20497,1,4,1824,0,1704,0,0,colonial,0,420071
33647,7360,7,1,1800,0,2224,0,1,mediterranean,1,283601
77318,1949,2,1,1955,0,1536,0,1,tudor,0,179594
72142,6129,4,4,1977,0,2121,0,0,colonial,0,242284
91752,4120,6,3,1790,0,3857,1,1,mediterranean,0,1024077
38865,8210,2,2,1892,1,1761,0,1,victorian,0,209527
14215,4477,6,2,1896,0,2084,0,1,mediterranean,1,94968
92627,7306,2,4,2002,0,2221,1,0,victorian,0,1066114
34210,3921,1,1,1944,0,2798,1,1,mediterranean,0,284653
97404,23865,7,2,1892,0,3777,1,1,mediterranean,0,817140
90703,28121,5,4,1903,0,3936,1,1,cottage,0,1634570
95124,3184,5,3,1856,0,2736,0,1,mediterranean,0,1691105
11355,1508,3,2,1832,0,1508,0,0,craftsman,0,318315
34482,2000,4,1,1934,1,1555,0,1,tudor,0,176776
52405,2212,3,4,2010,0,2038,0,1,ranch,0,146015
68028,2588,1,1,1801,1,2229,0,0,craftsman,0,312359
08723,3274,5,3,1974,0,3274,0,0,tudor,1,295093
93291,2805,6,3,1873,1,1978,0,1,mediterranean,0,318253
30360,1927,3,1,1913,0,1471,0,1,mediterranean,1,163253
59102,2808,6,3,2018,0,1124,0,1,other,0,194754
24151,2247,6,3,2000,0,1523,0,1,colonial,0,141437
06478,7790,2,3,1891,1,1364,1,1,other,0,343581
46510,2061,4,3,1957,1,1450,0,1,other,0,124547
74126,2186,6,1,1804,0,1935,0,0,cottage,0,20425
71270,2288,4,4,1935,0,1392,1,1,colonial,0,130821
02124,4078,6,1,1787,1,1603,1,0,tudor,0,536923
97532,4726,1,2,2013,0,1375,0,1,colonial,0,318534
05680,1860,4,4,1914,1,1320,0,1,cottage,0,157477
20695,22481,4,3,1896,0,1326,0,1,victorian,0,480976
30152,25448,4,2,1831,1,2120,0,0,craftsman,0,573905
32225,4202,3,1,1851,1,1912,1,1,ranch,0,321165
91786,3801,1,2,1821,1,1935,0,1,colonial,0,517526
51041,4334,1,2,1895,1,923,0,1,tudor,0,180585
71291,1690,7,2,2002,0,1441,0,0,colonial,0,139590
85747,3825,3,3,1902,1,1625,0,1,colonial,0,259680
41729,3713,3,2,1886,0,3461,0,1,tudor,0,102742
95348,4164,6,3,1969,1,2727,1,0,victorian,0,470742
39560,3301,6,2,1960,0,2032,0,1,ranch,0,175310
08648,4124,5,1,1832,1,1043,0,1,craftsman,0,233997
55301,8235,5,3,1920,1,1693,0,1,craftsman,0,349348
80123,3042,6,1,1902,0,1346,0,0,other,0,325446
94117,15082,3,4,1981,0,2209,1,0,ranch,0,2021043
30096,2791,1,3,1936,1,1518,0,1,contemporary,0,225188
11803,1617,5,4,1820,1,1617,0,0,craftsman,1,340235
92345,4793,1,1,2003,0,2665,1,1,colonial,0,381545
20744,3742,1,4,2020,0,1044,0,0,colonial,0,220356
53717,8268,2,2,1933,1,3402,0,0,craftsman,0,616397
33020,3141,7,2,1909,0,1918,0,1,mediterranean,0,286672
78023,1634,1,3,1796,1,1327,0,1,tudor,0,248888
78362,10609,7,1,1953,1,1015,1,1,colonial,0,262129
54935,2756,1,4,1965,0,1121,0,1,tudor,1,82688
01930,2887,3,4,1887,1,2237,0,0,colonial,0,549327
91723,1669,5,4,1911,1,1096,1,0,craftsman,1,239695
17222,3881,2,2,1803,0,2401,0,1,victorian,0,240065
85301,2968,3,3,1911,1,1662,0,1,cottage,0,184417
13655,4531,3,2,2020,0,2643,0,1,other,0,134298
02148,19232,6,3,1841,1,2404,0,0,ranch,0,796686
48359,3877,7,2,1895,0,1347,0,1,other,0,255628
42629,4967,1,3,1787,0,4636,1,1,contemporary,0,164111
11219,1574,1,4,1780,1,1574,0,0,cottage,0,580457
08618,6601,2,4,1847,0,1335,0,0,cottage,0,157039
21619,1940,2,3,2001,0,1355,0,1,ranch,0,238754
70458,2552,7,3,1960,0,1400,1,0,victorian,0,168191
11798,2632,6,4,1817,1,2632,0,0,victorian,0,521055
90503,4397,4,4,2020,0,1962,0,1,tudor,1,645735
11530,1582,7,3,1871,1,1582,0,0,other,0,708557
48858,7519,6,1,2020,0,3031,1,1,other,1,210374
23222,5244,7,3,2013,0,4081,0,1,tudor,1,281169
04860,2683,2,3,1840,1,2447,0,1,cottage,0,356150
38016,8525,7,4,1930,0,2092,0,1,tudor,0,340833
97754,5439,7,3,2007,0,4245,0,0,colonial,0,523987
20653,3457,7,3,1928,1,1467,0,0,other,0,263544
22556,1575,2,3,1914,1,1319,0,1,cottage,0,264469
45042,2547,6,4,1943,1,1716,0,1,colonial,0,185917
75217,1579,2,2,1802,0,1337,0,1,craftsman,0,76320
83221,4407,2,4,1930,0,2815,0,0,ranch,0,286610
29690,3969,3,3,1911,1,1951,1,0,tudor,0,260360
30809,8965,5,3,1905,1,3472,0,1,victorian,0,592064
07624,2443,1,3,1784,0,2443,0,0,mediterranean,0,783588
55952,18073,7,1,1937,1,978,0,0,cottage,0,305365
98683,48003,6,4,1851,1,2388,0,1,ranch,0,953915
30076,4348,4,4,1908,1,2302,0,1,other,0,472769
97527,1688,1,4,2020,0,1472,0,1,mediterranean,0,245003
02882,3370,5,4,1965,0,1815,0,1,other,0,518975
36025,2810,5,1,1959,1,1979,0,1,cottage,0,184759
33155,5051,4,1,1962,0,1480,0,0,cottage,0,356960
21223,8230,7,2,1965,1,1347,0,1,victorian,0,182795
70764,47656,3,4,1848,0,2606,1,1,mediterranean,0,643751
27834,2879,3,3,1918,0,2718,0,0,ranch,0,99980
30153,27067,2,4,1857,1,3934,0,0,other,0,505802
37404,6479,3,2,1986,0,1253,1,1,craftsman,0,156177
18102,5647,5,2,1796,1,4869,1,0,cottage,0,305606
02155,5112,7,1,1974,0,3351,0,0,contemporary,0,1056971
50009,2600,2,1,1866,1,1852,0,1,mediterranean,0,218877
36619,3801,6,4,1901,0,1968,1,1,mediterranean,0,195719
75070,3934,2,4,1782,1,2333,0,0,colonial,0,414704
89433,2673,7,2,1966,1,1900,0,1,other,0,331756
96777,4086,1,4,1970,0,3263,0,1,other,0,285355
93535,4579,4,1,1997,0,2020,0,0,cottage,0,316473
07920,1821,5,4,1856,1,1821,0,0,contemporary,0,598285
31087,2133,2,3,1934,0,1325,0,1,contemporary,0,78109
85138,7533,2,1,1964,1,3607,1,0,other,0,440541
66214,6703,4,3,2020,0,3952,0,1,cottage,0,519816
24333,3409,4,3,1812,1,2067,0,0,victorian,0,167837
03216,3392,3,4,1876,1,2480,0,1,cottage,1,237520
07110,1827,4,2,2020,0,1827,0,0,ranch,0,362482
63119,11124,1,2,1838,0,6473,0,1,victorian,0,812031
80223,10677,4,3,1788,0,2837,0,1,victorian,1,423924
46121,3255,5,1,1818,1,1477,0,1,mediterranean,1,133752
75020,10261,3,3,2019,0,1232,1,0,victorian,0,226985
60643,3063,2,4,1922,0,2134,0,1,colonial,0,180675
63628,4490,5,4,1856,1,3256,0,1,cottage,0,249209
43206,6298,1,2,1807,1,2053,0,1,victorian,0,299774
98004,4952,5,1,1874,1,1546,0,1,victorian,0,1350234
46234,4088,4,4,1963,0,1570,0,1,ranch,0,172099
84403,3497,2,4,1796,1,3001,0,1,cottage,0,431268
20106,11527,6,3,1955,1,6109,0,0,cottage,0,1191469
19124,6270,6,4,2014,0,1495,0,1,ranch,1,121611
21797,4922,7,1,2010,0,1334,0,0,ranch,1,290390
56379,2017,2,2,2020,0,1450,1,1,colonial,1,102019
28607,1966,3,2,1853,1,1593,0,1,victorian,0,267074
33021,3324,5,3,1998,0,2515,1,1,mediterranean,0,408412
21663,4889,1,4,1850,1,1698,0,1,contemporary,0,426123
63105,11120,4,4,1873,0,5490,1,1,contemporary,0,1638464
19152,6374,4,2,1802,1,1331,0,0,contemporary,0,262212
65340,12940,6,1,1970,1,3230,1,1,tudor,0,345941
85053,111446,4,2,1874,1,2256,0,0,mediterranean,1,903370
14559,4295,2,4,1926,0,938,1,0,tudor,0,143286
19426,8243,1,4,1938,1,7392,0,1,tudor,0,1188372
76107,8591,4,1,1791,1,5565,0,1,mediterranean,0,777938
77072,6181,6,4,1867,0,3206,0,1,colonial,0,334565
95231,11232,3,4,1894,0,2908,0,1,tudor,0,623974
98391,4052,2,2,1839,0,1724,1,0,contemporary,0,410770
93940,18149,2,3,1882,0,1761,0,1,cottage,0,864528
85308,2329,4,4,1862,1,1279,0,1,contemporary,0,263022
03766,3507,5,4,2005,0,2752,0,1,colonial,0,388368
06066,16831,6,4,1785,1,1900,0,1,other,0,411325
55337,6163,4,1,1891,0,4400,0,1,other,0,621940
78738,16038,2,1,1797,0,2846,0,0,colonial,0,958211
61354,2455,5,4,1958,0,1479,1,1,other,0,125412
78041,2731,6,1,1810,1,1461,0,0,other,0,173933
22556,1575,2,3,1914,1,1319,0,1,cottage,0,264469
05156,2029,2,3,1786,1,1504,0,1,craftsman,0,105985
23237,5409,3,3,1947,1,951,0,1,craftsman,0,195966
31023,2052,3,4,1991,0,1330,0,1,contemporary,0,84931
32222,2255,6,3,1985,0,1942,0,0,tudor,0,233229
55124,2654,6,4,1869,1,2371,0,1,colonial,0,393690
60623,52530,3,1,1808,1,2142,0,1,craftsman,0,662265
21224,2840,1,2,1906,0,1700,1,1,contemporary,1,87683
85746,2713,6,1,1818,0,1944,0,0,victorian,0,217931
30097,6679,6,3,1861,0,4308,0,1,colonial,0,972775
33024,6479,4,2,2015,0,1304,0,0,cottage,0,287225
32408,1750,1,2,1850,0,1562,1,1,tudor,0,219304
32807,4129,5,4,1986,1,3161,0,0,mediterranean,0,361252
32309,8772,4,4,1822,1,1151,1,1,cottage,0,294395
03104,5091,4,4,1895,0,2925,1,1,ranch,0,452067
43230,1511,2,4,1845,0,1376,0,1,contemporary,1,104361
32054,33039,5,3,1947,0,3742,1,1,cottage,0,588152
50864,15442,4,2,1991,0,2931,0,1,other,0,231333
48073,4972,5,4,1928,0,3598,1,1,victorian,1,332372
97006,4816,4,4,1798,1,4073,0,1,victorian,0,832746
48205,3159,5,3,1951,1,2545,0,1,tudor,0,86829
29566,7751,5,3,1915,1,3751,0,1,ranch,0,394275
93620,13472,1,1,1841,0,2318,0,1,colonial,0,371982
39042,7324,6,2,1846,1,1908,0,1,ranch,0,290588
71263,4733,7,1,1822,1,2427,1,1,victorian,0,192878
92563,2145,7,1,1834,1,1152,1,1,victorian,0,344449
46514,13147,2,4,1815,1,1826,0,1,cottage,0,298856
45252,3099,4,2,1970,0,1810,0,1,other,0,227295
00766,5094,1,4,1922,0,3991,0,1,cottage,0,291794
92618,4020,7,4,1801,1,1316,1,1,victorian,0,748689
91205,1331,6,3,1987,0,1022,0,1,contemporary,0,409254
19530,2200,2,2,1884,0,1420,0,1,ranch,0,162269
72936,12182,6,2,1994,0,1397,0,1,ranch,0,237160
71742,4688,6,4,1904,1,1371,0,1,other,0,120606
75104,4022,4,2,1818,0,3516,1,1,ranch,0,355897
98059,2654,5,3,1912,1,2340,0,1,tudor,0,748040
23229,8336,3,4,1906,1,1368,0,1,victorian,0,370673
85297,9644,6,1,1932,1,3465,0,1,mediterranean,0,740182
93307,7303,4,2,1971,0,1944,1,1,cottage,0,267638
19602,1797,5,1,1854,1,1513,1,1,tudor,0,83998
33541,2280,3,4,1960,1,1147,0,1,craftsman,0,172322
53213,1214,1,3,1837,1,1106,0,1,ranch,0,161644
80521,2953,4,4,1875,0,1593,0,1,craftsman,1,230634
31008,2051,2,1,1847,1,1302,0,1,ranch,0,113092
73505,2532,7,2,1797,1,967,0,1,colonial,0,116268
35401,11527,7,2,1872,1,1839,1,1,mediterranean,0,284971
97214,6396,4,4,1828,1,1886,0,1,ranch,0,656319
40906,2822,5,3,1786,1,1699,1,0,cottage,0,132307
26062,4061,2,3,1995,0,1130,0,1,mediterranean,0,102336
48651,12358,4,1,1922,0,1688,0,1,colonial,0,191362
43609,7094,2,4,2009,0,2221,0,1,contemporary,0,115860
10588,1247,3,1,1994,0,1247,0,0,other,0,213479
12203,1853,5,4,1803,1,1456,0,1,craftsman,0,204620
29580,7102,7,1,1974,0,5487,1,0,contemporary,0,220071
54873,30490,5,1,1795,1,1914,0,1,tudor,0,505268
71457,2224,3,1,1818,1,1080,0,0,mediterranean,0,152652
77029,5644,3,2,1942,1,4372,1,1,mediterranean,0,271506
48033,5297,6,3,1794,1,1618,1,1,craftsman,0,240839
28027,3397,5,1,1877,0,2493,0,1,other,0,309500
07869,1468,7,3,1921,1,1468,0,0,contemporary,0,414066
33012,4375,7,3,1970,0,1689,0,1,victorian,0,327971
43725,3445,7,1,1913,1,1839,0,1,ranch,0,150211
78204,12017,4,1,1931,1,1137,1,1,craftsman,0,241188
76010,1767,4,3,1981,1,1284,0,1,craftsman,0,128701
16504,6011,5,3,1791,0,2498,0,1,tudor,0,202960
98409,2532,6,1,1817,0,1343,0,1,colonial,1,157289
38118,2268,6,2,1926,1,1499,0,1,contemporary,0,107362
75672,1579,2,2,1789,1,1417,0,0,tudor,0,119997
60123,1689,3,2,1933,1,1246,0,1,craftsman,0,134240
85339,4478,2,3,1780,1,1777,1,1,craftsman,0,303016
32073,2603,5,4,1910,0,1929,0,1,victorian,0,229753
39120,1552,2,4,1997,0,1117,0,1,other,0,48044
85326,9876,5,4,1787,0,5037,0,1,colonial,0,643087
35650,18760,3,1,1967,0,1925,1,1,contemporary,0,309656
61401,3633,3,2,1858,1,2183,0,0,victorian,0,135956
98106,4048,7,3,1821,0,955,0,1,contemporary,0,361544
55437,3529,5,4,1963,1,1570,1,1,victorian,0,340058
56537,5791,2,4,1923,0,3204,1,1,tudor,0,309361
77083,4320,7,4,1907,1,3189,0,1,contemporary,0,366709
92701,2020,1,1,1963,0,1316,0,1,victorian,0,374203
73120,3945,4,4,1787,0,1589,0,1,cottage,0,199915
46077,14456,5,2,1873,0,4260,0,1,craftsman,1,647811
92345,4793,1,1,2003,0,2665,1,1,colonial,0,381545
77539,5431,5,1,1925,1,1449,1,1,ranch,0,215344
23320,3667,3,4,1874,0,3361,0,1,other,0,408059
44883,2621,5,2,1964,0,1561,0,1,contemporary,0,119505
01072,4427,7,1,1812,0,1650,0,1,tudor,1,189090
78724,25331,2,4,1903,0,1890,0,1,other,0,467323
95713,4797,7,2,1994,0,905,0,1,craftsman,0,274793
03060,15209,1,1,1976,0,2068,0,1,colonial,0,417740
29205,3506,1,1,1942,0,2353,0,1,tudor,0,235888
92808,2630,3,4,2013,0,1340,1,1,ranch,0,567397
58078,2612,4,1,1976,0,1926,0,1,craftsman,0,234451
35073,59802,5,3,1898,1,1198,0,0,mediterranean,0,655036
53105,2253,1,4,1828,1,1329,0,1,tudor,0,212388
54868,11034,2,1,1873,1,8333,0,1,mediterranean,0,593152
58504,1806,4,4,1809,0,1004,0,0,craftsman,0,156973
85730,4412,3,2,1941,0,1311,1,0,ranch,0,172871
66521,3409,5,2,1823,1,1417,0,1,victorian,0,160764
92027,27323,5,3,1857,1,3245,0,1,colonial,0,1083024
08812,3539,7,1,1816,0,3539,0,0,colonial,0,643984
04074,4288,3,2,1866,0,2348,0,1,craftsman,0,508379
59404,3546,4,3,1930,1,1833,0,1,contemporary,0,271552
89121,3172,3,3,1847,1,1360,0,1,craftsman,0,222010
92807,2888,6,3,1893,1,1633,1,1,colonial,0,713700
07016,1437,5,4,1971,0,1437,0,0,colonial,0,386953
61080,3320,4,1,1825,1,2288,1,1,victorian,1,144361
22046,4311,4,4,1801,1,3057,0,0,ranch,0,1191532
34787,8118,4,2,2020,0,4687,1,0,craftsman,0,844896
89148,3355,5,1,2012,0,1367,0,1,mediterranean,1,171487
85140,3499,5,4,1854,1,1438,1,1,other,1,184363
28227,4734,2,3,1887,0,2528,0,0,craftsman,0,308577
25036,14568,2,2,1784,0,1349,0,0,tudor,0,177693
01801,1670,7,2,1798,0,1104,0,0,craftsman,0,310869
92553,5057,6,3,1923,0,4022,1,1,victorian,0,685138
60502,2013,6,3,1921,0,1434,0,0,mediterranean,0,211823
95350,10104,1,1,1999,0,9867,1,1,other,0,1228185
44122,12034,7,2,1922,1,1863,0,0,ranch,0,384613
63136,4577,1,3,1799,1,1313,0,0,colonial,0,64631
71111,3103,1,4,1952,0,2411,0,1,other,0,216488
45056,4621,1,1,1874,0,1932,0,1,cottage,0,219667
32568,1599,1,3,1900,1,1412,0,1,ranch,0,108578
95620,4526,4,2,1953,1,1813,0,1,mediterranean,0,493132
48073,4972,5,4,1928,0,3598,1,1,victorian,1,332372
14006,4137,6,4,1975,0,1677,0,1,colonial,1,122284
98466,6277,3,2,1930,1,2272,0,1,other,0,549424
70360,4474,1,4,2000,0,2667,0,1,mediterranean,1,236029
30122,2178,2,2,1952,0,1611,0,1,victorian,0,150804
11220,1437,4,3,1962,0,1437,1,0,craftsman,0,370227
29445,3545,1,3,1850,1,1298,1,1,cottage,0,188635
49246,2510,2,4,1934,1,1775,0,1,other,0,203569
94544,2393,2,2,1941,1,1791,0,0,other,0,614894
99016,2140,3,1,1999,0,1563,0,1,victorian,0,285786
28150,7399,1,2,1798,0,1194,0,1,tudor,0,162789
33837,6629,3,3,2012,0,1709,0,1,colonial,0,273358
39750,1615,2,3,1986,0,1118,0,1,other,0,74522
95014,4392,1,4,1873,1,3036,1,1,contemporary,0,3087575
44062,1469,3,2,1939,1,997,0,1,mediterranean,0,112913
91701,3802,4,4,1864,0,3195,0,1,mediterranean,0,888445
45013,2954,2,2,1902,1,1161,0,0,other,0,120567
28269,1887,7,1,1799,1,1504,0,1,victorian,0,244179
48044,16058,2,1,2015,0,2312,0,0,mediterranean,0,484399
70130,5330,4,1,1824,1,1754,1,0,contemporary,0,427998
11706,1822,3,1,1783,0,1822,0,0,ranch,0,352979
08831,1673,3,4,1900,1,1673,0,0,cottage,0,331942
98856,6129,2,1,1844,1,2157,0,1,colonial,0,386798
44628,3055,3,1,2016,0,2600,0,1,colonial,0,154691
85206,4768,6,1,1808,1,2152,1,1,mediterranean,1,245865
44470,4162,4,3,1809,1,1372,0,0,cottage,0,181395
07417,1408,2,1,1881,1,1408,1,1,tudor,0,704877
89048,31946,7,3,1815,0,2642,0,0,craftsman,0,648464
20877,4602,3,2,1891,0,1730,0,0,mediterranean,0,342756
78759,1306,2,4,1841,1,1056,0,1,tudor,0,306637
44313,26568,4,1,1947,0,5052,1,1,contemporary,0,621077
93905,3560,3,3,2010,0,1139,0,1,tudor,0,313039
15317,2061,3,3,1844,1,1076,0,1,mediterranean,0,188190
92064,8389,3,1,1991,0,2693,0,0,contemporary,0,1058894
33313,3623,6,3,1898,1,2038,0,0,other,0,140301
07740,1366,4,4,2008,0,1366,0,0,colonial,0,290160
81220,20065,5,3,1823,0,1404,0,1,contemporary,0,426309
18301,3355,2,4,1924,1,1981,0,1,tudor,0,236943
85339,4478,2,3,1780,1,1777,1,1,craftsman,0,303016
15062,4055,7,1,1932,0,3429,0,1,contemporary,0,127097
84070,4215,6,1,1949,1,1552,1,1,craftsman,0,349661
99004,4489,4,2,1811,1,1897,0,1,tudor,0,360256
29936,4886,4,1,1897,0,1492,0,1,craftsman,1,113785
78046,14811,3,1,2000,0,2251,0,1,mediterranean,0,285526
60067,10625,1,1,1995,0,2639,0,1,contemporary,0,546754
92629,2570,7,3,1806,0,1491,0,1,contemporary,0,832370
75951,9653,6,2,1950,1,1926,1,0,craftsman,0,227842
98270,2119,2,4,1839,1,1727,0,1,craftsman,0,377718
19966,6274,2,4,1942,0,5195,0,0,cottage,0,584469
44710,1291,3,3,2006,0,978,1,1,victorian,0,55461
11385,1806,1,3,1886,0,1611,0,0,tudor,0,537452
27529,4025,1,2,1915,1,2531,0,1,other,1,206332
90504,37090,5,1,1995,0,2858,0,1,mediterranean,0,1396278
78063,17041,4,2,1946,0,2409,0,1,craftsman,1,278170
58558,3003,6,4,1868,0,1638,0,1,victorian,1,216498
98335,4039,5,1,1859,1,1883,0,1,other,0,615943
11722,1262,6,3,2016,0,1262,0,0,colonial,1,158093
85340,3859,4,3,1926,0,2500,0,1,colonial,0,434824
89131,15988,7,1,1989,0,1979,0,0,mediterranean,0,520207
22911,8778,7,4,1993,0,1414,0,1,ranch,0,373085
37128,2392,3,3,1898,1,1806,0,1,contemporary,0,279634
33175,11662,3,4,1942,0,1196,1,0,other,0,344552
89032,1365,6,4,2011,0,1053,0,1,craftsman,0,157906
62265,9836,4,3,1811,1,1710,0,1,craftsman,0,272415
21015,5981,3,1,2020,0,1691,0,0,cottage,0,373221
02863,10624,3,1,2020,0,1923,0,1,contemporary,0,332919
15554,5164,2,3,1902,0,1635,0,1,ranch,0,174712
75212,2220,5,1,1872,1,1851,0,0,other,0,166581
05661,9277,4,2,1985,1,1804,1,1,contemporary,0,329269
94501,4340,6,1,1904,0,3139,1,0,mediterranean,0,1624721
08817,1481,7,4,1950,1,1481,0,0,colonial,1,175180
21122,6760,6,3,1935,0,2530,0,0,craftsman,0,467227
98311,3541,2,2,1876,1,2807,0,1,tudor,0,507272
91732,2936,5,1,1968,1,1122,0,1,mediterranean,1,227535
11787,11006,4,3,1954,0,11006,0,0,contemporary,0,2429186
93304,68632,5,4,1816,0,1371,0,1,contemporary,0,806886
30605,2228,2,2,1863,1,1699,0,1,mediterranean,0,156022
60432,2166,2,2,1973,1,1521,0,1,colonial,0,107257
47710,2079,6,3,1911,1,1108,0,0,colonial,0,108334
61201,6188,3,3,1918,0,1577,0,1,tudor,0,133649
97347,1871,6,4,1987,0,1555,0,1,colonial,0,283815
92064,8389,3,1,1991,0,2693,0,0,contemporary,0,1058894
46235,1908,2,4,1790,0,1270,0,1,other,0,84485
31768,2990,5,2,2001,0,2437,0,1,victorian,0,123916
45212,2890,7,1,1995,0,2437,0,1,cottage,0,227211
10022,1416,7,3,1823,0,1416,0,0,victorian,0,662165
33033,18029,4,3,1827,0,3639,1,1,tudor,0,612198
98661,2472,1,2,1882,1,1996,0,1,cottage,0,328103
62049,1258,3,2,1798,0,1078,0,1,contemporary,0,54897
54005,4840,5,1,1917,1,1321,1,1,victorian,0,190698
97116,18109,5,4,1988,0,2085,0,1,ranch,0,575194
92843,2301,7,4,2007,0,1483,1,1,tudor,0,546145
10456,2491,6,1,1942,1,2491,0,1,other,1,277279
36203,1220,2,1,1856,1,903,0,1,ranch,0,68135
02452,2730,1,3,1902,1,2344,0,0,contemporary,0,720072
30349,4819,4,2,1830,0,3906,0,1,other,0,305565
45875,154302,6,4,1907,1,5139,0,1,tudor,0,1889298
90026,3480,1,1,1841,1,1990,0,0,contemporary,0,1019022
60160,11163,6,1,1931,1,2068,0,1,mediterranean,0,368678
35127,11897,7,4,1802,1,1982,0,1,cottage,0,338709
68130,46167,7,4,2003,0,2417,0,1,victorian,0,876350
10031,1529,7,2,2000,0,1529,0,0,craftsman,0,466338
34639,4520,1,2,1934,0,1190,1,1,mediterranean,0,226055
40218,3807,4,2,1884,1,2832,1,0,tudor,0,240110
68850,14331,5,3,1908,1,1214,0,1,cottage,0,256003
54914,2596,6,3,1951,1,1478,0,1,contemporary,0,168595
93021,3064,6,3,2020,0,1652,1,0,colonial,0,608690
56057,3128,7,4,1890,0,2454,0,1,ranch,0,226889
46001,3024,1,2,1923,0,1511,0,1,other,0,81485
59715,5164,5,3,1917,1,1727,0,0,cottage,0,564346
43228,2402,5,3,1994,0,2192,1,1,victorian,0,221958
80219,2748,1,1,1966,0,1972,0,1,mediterranean,0,317887
33558,2941,5,3,1957,1,1648,0,0,cottage,0,333250
78759,1306,2,4,1841,1,1056,0,1,tudor,0,306637
30319,1456,3,4,2017,0,971,1,1,cottage,0,317680
78753,15986,1,2,1996,0,3133,0,1,cottage,0,556841
20001,3141,7,3,1883,1,2865,0,0,cottage,0,1001062
98682,3597,7,1,1898,0,1141,0,0,craftsman,0,264538
11385,1806,1,3,1886,0,1611,0,0,tudor,0,537452
81147,3327,3,1,1825,1,2975,0,0,cottage,0,460545
02053,4025,5,1,1909,0,3389,1,0,craftsman,0,743315
10550,3168,3,2,2009,0,3168,0,0,tudor,0,651668
82649,2577,3,4,1832,1,1351,1,0,mediterranean,0,142305
11367,3059,5,2,1956,1,3059,0,0,tudor,0,594504
19567,1274,4,3,1933,1,1044,0,1,cottage,0,111447
90249,2302,5,2,2014,0,1635,0,1,victorian,0,513750
68022,2857,3,1,2014,0,1916,0,1,cottage,0,357378
18076,5214,3,3,1910,1,3226,0,1,tudor,0,373699
78073,2834,3,1,1806,1,2199,0,1,tudor,0,188806
95968,2940,6,4,1817,1,1156,0,1,mediterranean,0,187975
15317,2061,3,3,1844,1,1076,0,1,mediterranean,0,188190
63116,2693,7,1,1948,0,2386,0,1,cottage,0,167660
60056,2463,3,4,1999,0,2153,1,1,craftsman,0,318739
32773,14536,4,3,2007,0,1662,0,1,victorian,0,337560
73108,3300,6,4,1932,1,2294,0,1,mediterranean,0,126451
60010,9666,5,4,1810,0,6963,0,1,victorian,0,1549339
80121,3996,3,1,1878,1,1860,0,0,cottage,0,498696
45247,2877,1,4,2000,0,1126,0,0,other,0,160150
52351,2228,1,3,1830,0,1471,0,1,mediterranean,0,186844
95687,8548,2,3,1871,0,1607,1,1,colonial,0,464607
38635,2770,3,3,2009,0,1325,0,1,mediterranean,0,98255
40245,9724,7,3,1858,0,3172,0,0,contemporary,0,645889
75672,1579,2,2,1789,1,1417,0,0,tudor,0,119997
38876,2322,2,1,1880,1,1960,0,1,victorian,0,95249
20737,4342,2,1,1799,1,1736,0,0,other,0,320645
47581,1589,3,1,2001,0,1169,0,1,cottage,0,54562
12463,2420,6,2,1943,0,1743,0,1,contemporary,0,176893
07712,2588,1,4,2019,0,2588,0,0,mediterranean,0,525829
30082,2128,3,4,2020,0,1113,0,1,other,0,206528
27205,6864,7,2,1818,1,3357,0,0,ranch,0,361060
78744,10693,3,3,1897,0,3145,0,1,cottage,0,451674
91766,2451,6,1,2020,0,1815,0,0,other,0,412532
32771,10757,3,4,2006,0,1531,0,1,contemporary,0,302853
53151,4384,7,1,1995,0,1249,0,0,colonial,0,267344
71111,3103,1,4,1952,0,2411,0,1,other,0,216488
54619,4201,3,3,1810,0,1382,0,1,ranch,0,155840
46062,3694,3,2,1918,1,1817,0,1,contemporary,1,196247
03861,2687,3,2,2000,0,2007,1,0,cottage,0,365831
30269,2917,1,1,1799,1,1361,0,1,cottage,0,287451
12566,22527,5,2,1829,0,1988,0,1,victorian,0,514375
20685,13169,2,2,1923,0,2523,0,0,contemporary,0,527770
29692,14613,2,2,1825,0,1469,0,1,colonial,0,176647
15221,5653,5,3,1875,0,2044,0,1,cottage,1,104080
45429,31664,5,4,1802,1,2896,0,1,colonial,0,589135
80137,2277,3,3,1903,1,2090,0,0,cottage,0,571982
68776,35380,5,4,1803,0,1281,0,1,craftsman,0,454376
77301,3170,3,2,1904,1,1606,1,1,ranch,1,105714
11360,1203,6,2,1830,1,1203,0,0,other,0,316168
33147,5184,7,2,1918,1,1269,0,0,contemporary,0,253219
92126,2572,7,3,1782,1,1287,0,1,mediterranean,0,509893
43065,50499,7,3,1957,1,3433,0,1,ranch,0,1137250
30062,2892,1,1,1873,0,1315,0,1,colonial,0,240169
11003,1197,6,2,2014,0,1197,0,1,colonial,0,325867
59405,1484,1,4,1957,0,1165,0,1,tudor,0,130002
10025,4772,4,2,1904,0,4772,0,0,other,0,2341587
19001,4542,6,2,1785,1,4399,0,0,contemporary,0,601033
10031,1529,7,2,2000,0,1529,0,0,craftsman,0,466338
38754,1816,6,3,1930,0,1622,0,1,tudor,0,137551
91801,2634,3,4,1984,0,1622,0,1,cottage,0,604709
22027,2454,1,3,1832,0,2158,0,0,ranch,1,683545
10032,1681,6,2,1866,1,1681,0,0,craftsman,0,485097
60181,11570,2,2,1931,0,1665,1,1,mediterranean,1,209426
21075,3975,4,4,1897,0,1448,0,0,ranch,0,309366
95377,7136,6,2,1977,0,4394,0,1,victorian,0,1208638
11214,6142,5,2,1870,0,6142,0,0,contemporary,0,1294314
33315,4649,5,4,1988,0,1625,1,1,mediterranean,0,373127
95023,8680,3,3,1867,1,1947,0,1,victorian,0,755621
69038,4210,1,1,1858,1,3491,0,1,victorian,0,105893
85326,9876,5,4,1787,0,5037,0,1,colonial,0,643087
07730,1817,1,2,1975,0,1817,0,0,other,0,301792
94568,5800,4,2,1813,1,1850,1,1,other,1,655030
40059,3620,6,3,1845,1,1310,0,1,ranch,0,324309
21209,2856,4,4,2019,0,1525,1,0,ranch,0,275969
48103,11759,4,4,1791,0,2000,1,1,tudor,0,556688
03079,5931,2,2,1839,1,2421,0,0,contemporary,1,337747
10952,1198,5,2,2001,0,1198,0,0,cottage,0,385007
95476,2978,5,3,1902,1,1880,1,0,contemporary,0,822501
30135,4340,6,3,2010,0,2078,0,1,victorian,0,292669
54016,18024,5,4,2007,0,1671,0,1,contemporary,1,308747
39577,1831,4,3,1901,0,914,0,1,cottage,0,76055
61109,15462,7,2,1863,0,2189,0,0,mediterranean,0,293669
37130,2076,1,3,1871,1,1088,0,0,other,0,167206
92880,2262,3,3,1968,0,1798,0,1,victorian,0,550369
75006,3796,5,3,1780,0,1928,1,0,ranch,0,296978
63501,1726,6,1,2020,0,1133,0,0,craftsman,0,90189
19711,5109,1,4,1786,1,4004,0,1,contemporary,1,379638
43614,2362,6,1,1858,1,1815,0,1,other,0,157806
53066,27927,4,3,2014,0,1970,0,1,ranch,0,631806
44662,7678,1,4,1784,1,2232,0,1,cottage,0,246745
92509,2605,3,1,1812,1,2238,0,0,other,0,462133
92346,2658,7,4,1884,1,2049,1,1,contemporary,0,445493
75165,2034,3,1,1858,1,1692,1,1,craftsman,0,195596
19145,5078,4,4,2008,0,3898,0,1,craftsman,0,487171
95531,4461,3,3,1842,1,1201,1,1,other,0,243268
76901,1371,1,2,1987,0,911,0,1,contemporary,0,69671
93505,20670,2,2,1884,1,2873,0,1,colonial,0,428817
01905,20872,6,2,1973,0,4704,0,0,contemporary,1,688932
89141,1808,5,1,1937,0,1389,0,1,victorian,0,256291
33511,2773,1,4,1853,0,1894,0,0,cottage,0,210171
92131,1677,7,1,1800,0,1311,0,1,cottage,0,619936
93223,3817,4,1,1958,1,3230,1,1,craftsman,0,325861
97213,5088,2,3,1987,1,1626,0,1,craftsman,0,472656
08084,3263,7,3,1922,1,1856,0,0,other,0,215711
37642,3385,6,4,1864,1,2783,0,1,cottage,0,241323
18017,3626,7,3,1894,1,2745,0,0,victorian,0,383697
92130,5716,7,2,1823,0,1171,0,1,victorian,0,848492
01760,14185,2,2,1794,0,1580,0,0,tudor,0,642623
29206,4274,3,1,1961,1,3439,0,1,craftsman,0,429766
29720,2678,4,4,1927,0,1852,0,0,ranch,0,142041
27401,10357,7,1,1930,0,1269,0,1,victorian,0,207560
13501,6539,6,3,1983,0,4617,1,1,other,0,329500
32667,2594,3,2,1978,0,1265,0,1,victorian,0,150435
55379,4951,5,3,2017,0,1561,0,1,contemporary,0,321728
56652,2225,1,2,1827,1,1534,0,1,other,0,108094
73072,6599,3,1,1842,0,2080,0,0,craftsman,0,269758
34952,6075,1,4,1950,0,2435,1,1,contemporary,0,297988
03819,3265,4,2,1902,0,1808,0,0,victorian,0,358331
78504,2733,7,2,1994,0,1235,0,1,contemporary,0,131536
97015,2503,6,1,1843,1,2182,0,1,cottage,0,482585
06830,2628,1,1,1982,0,1997,0,0,cottage,0,1491040
18301,3355,2,4,1924,1,1981,0,1,tudor,0,236943
49262,4463,3,1,1878,1,1581,0,1,cottage,0,154669
92563,2145,7,1,1834,1,1152,1,1,victorian,0,344449
85364,4891,6,2,1982,0,4016,0,1,mediterranean,0,326484
19904,4965,7,4,1814,0,3056,0,1,ranch,0,377381
07302,2880,1,4,1929,0,2880,0,0,craftsman,0,1021669
98340,2344,7,1,1988,0,1354,0,1,cottage,0,381103
22652,3344,7,1,1939,1,2222,0,1,cottage,0,292364
92371,5080,7,1,1850,1,3464,0,1,mediterranean,0,558273
28532,3368,3,1,1963,0,2777,0,1,mediterranean,0,168994
49419,3593,7,3,1780,1,2604,0,1,ranch,1,240479
20165,3924,4,2,1879,1,2333,0,0,colonial,0,648792
32208,5950,1,2,2015,0,5096,0,1,cottage,0,222085
10607,4229,6,3,1797,1,4229,0,1,victorian,0,1219641
97405,6220,7,3,1919,1,1682,0,1,ranch,0,432776
37763,5010,7,1,1839,1,4126,0,0,mediterranean,0,436082
73112,3039,2,2,2005,0,2656,0,1,craftsman,0,174614
55445,7463,7,1,1999,0,2809,0,1,victorian,0,481128
23606,8357,3,3,1990,0,6342,0,1,victorian,0,738215
85653,6416,1,4,2017,0,1449,0,0,craftsman,0,240671
85257,4614,2,3,1985,0,2173,0,1,tudor,0,411634
50595,2861,4,3,1877,0,1872,0,1,ranch,0,100881
19116,5130,1,2,1875,1,2010,0,1,other,0,302282
11590,1412,4,1,1859,1,1412,0,0,contemporary,0,381828
33597,2747,2,2,1955,1,2346,1,1,contemporary,0,207409
82240,3911,5,4,1791,0,944,0,1,contemporary,0,165482
70068,3604,3,4,1911,1,2900,0,1,craftsman,0,234941
84088,13070,2,4,1918,0,1467,0,1,contemporary,0,422628
64506,2069,6,1,1792,1,1235,1,1,mediterranean,0,149451
78375,2293,2,4,1936,1,1694,0,1,contemporary,0,85050
77058,10330,2,3,1846,1,1595,1,1,colonial,0,292121
78217,2824,7,3,1894,1,1295,0,0,ranch,0,173028
11791,1025,5,2,1985,1,1025,1,1,ranch,0,441398
46037,37290,6,4,1891,0,1850,1,1,mediterranean,0,684899
17601,2596,2,4,1923,0,1688,0,1,ranch,1,135947
23504,4821,6,2,1827,1,4625,0,1,craftsman,0,433535
49341,4463,5,3,1943,1,978,0,1,ranch,0,229505
77061,22350,4,1,1848,1,1660,1,1,tudor,0,401587
66218,4314,3,2,1837,0,3463,0,1,tudor,0,563994
33444,9483,1,3,1939,1,8595,0,0,contemporary,0,1011090
32536,2465,7,3,2002,0,2222,1,1,mediterranean,0,256900
02122,4094,2,4,1949,1,2121,0,0,ranch,0,575322
54467,8448,2,1,1854,1,2400,0,1,tudor,0,361332
25813,77139,4,4,1981,0,7620,0,0,victorian,0,1086600
77016,3595,4,4,1805,1,2767,1,1,ranch,0,234919
74426,14638,6,2,1877,0,1015,0,1,other,0,209076
92503,6327,3,3,1980,0,1328,1,0,other,0,371017
91367,8752,3,2,1892,0,1831,0,1,contemporary,0,808531
32305,2148,4,1,2007,0,1095,0,1,ranch,1,45627
78247,13931,2,3,1817,1,2754,0,1,colonial,0,408802
42276,2396,4,3,1985,0,1289,0,0,craftsman,0,86429
06067,2693,2,2,2019,0,2204,0,1,other,0,251273
48158,4725,7,4,1984,1,3106,0,0,ranch,0,431563
43105,2779,6,4,1817,0,2001,0,1,colonial,0,283293
33173,2933,3,4,1981,0,2452,0,1,colonial,0,444698
02769,1845,7,2,1810,1,1463,0,1,other,0,350776
19707,14158,3,4,1870,1,1948,0,1,cottage,0,587637
90031,5406,7,3,1809,1,3010,1,1,ranch,0,1095189
65613,2175,5,3,1886,1,1387,0,0,colonial,0,121250
77066,8763,3,1,1900,1,1849,1,1,contemporary,0,279418
32303,18073,7,2,1798,1,3647,1,1,victorian,0,486068
02864,3700,3,4,1994,0,1326,0,0,tudor,0,273231
14423,3466,6,2,2015,0,3235,0,1,cottage,1,161423
60585,2701,1,1,1840,1,1107,0,1,ranch,0,248856
07513,1065,3,4,2004,0,941,0,0,contemporary,0,154363
74115,8516,2,3,1910,1,1269,0,1,victorian,0,149097
99207,3810,2,4,1902,1,3349,0,1,other,0,307491
45209,3490,6,4,1980,0,3373,0,1,ranch,0,455151
28625,8871,4,2,1962,0,1392,0,1,mediterranean,0,214238
91801,2634,3,4,1984,0,1622,0,1,cottage,0,604709
79423,2022,3,2,2007,0,1621,0,1,victorian,0,150290
56359,4049,3,2,1894,1,2273,0,1,colonial,0,233242
60402,2624,2,1,1806,0,1606,1,0,cottage,0,166659
33701,8931,4,1,2004,0,3427,1,1,tudor,0,779743
54615,4240,1,1,2014,0,1688,1,1,colonial,0,155621
94087,2562,6,1,1844,0,1813,0,0,other,0,1751326
54110,2990,4,3,1911,0,2319,0,1,cottage,1,114316
78839,40122,5,2,1933,1,968,0,1,ranch,0,437505
60624,3436,5,2,1948,0,1820,0,0,colonial,0,167499
48846,4703,7,1,1804,1,1671,0,1,ranch,0,194559
44044,6103,6,3,1989,0,4072,0,1,contemporary,0,423482
06516,3372,2,3,1909,1,1652,0,1,mediterranean,0,220479
62918,1889,6,2,1994,0,1633,0,0,craftsman,0,103296
47265,3218,5,4,1904,1,2700,0,1,tudor,0,190884
55369,17921,1,1,1784,0,1294,0,1,craftsman,0,371529
19601,3675,4,4,1912,0,2413,0,0,victorian,0,116492
41093,3379,6,2,1999,0,2221,0,1,ranch,0,135865
54220,9503,4,3,1961,1,2496,1,1,cottage,0,273820
32765,7870,1,3,2005,0,1482,1,1,mediterranean,0,326924
93727,7686,1,4,1816,0,5525,1,0,contemporary,0,686590
32526,6697,1,4,1855,1,1420,1,1,mediterranean,0,207970
34741,3368,5,2,1913,1,1988,0,1,craftsman,0,227352
68601,1353,2,2,1895,1,1183,0,0,victorian,1,82842
95682,6885,7,3,1877,1,1678,0,1,colonial,0,532755
13411,3957,1,3,2010,0,1557,0,1,colonial,0,117304
27520,9118,1,1,1954,1,2406,0,0,craftsman,0,326323
44122,12034,7,2,1922,1,1863,0,0,ranch,0,384613
23112,3060,1,1,1976,0,2287,0,1,craftsman,0,296603
66208,60980,4,4,1904,0,1609,0,1,victorian,0,863340
95008,3761,1,4,1839,1,1185,0,1,mediterranean,0,884322
77642,14923,3,4,1860,0,3239,1,1,craftsman,0,244268
33126,2466,2,2,1834,0,1453,0,0,cottage,0,149543
28328,2200,7,3,1859,0,1528,1,1,mediterranean,0,116920
33843,7690,2,4,1830,0,2690,0,0,victorian,1,153128
72034,11225,4,4,1909,1,1713,0,1,other,0,289514
75150,6300,3,3,1810,0,5257,0,1,cottage,0,438796
76247,2099,4,1,1938,0,1900,0,1,victorian,1,161198
92691,12084,5,2,1872,1,5506,0,1,victorian,0,1993515
60450,1705,3,2,1836,1,1069,0,1,cottage,0,134995
53916,6561,1,1,1956,0,6347,0,1,colonial,0,369425
79345,2352,7,1,2018,0,1867,1,1,colonial,0,144017
46143,3814,6,3,1995,0,3199,0,1,ranch,0,335033
45042,2547,6,4,1943,1,1716,0,1,colonial,0,185917
78602,5123,7,2,1847,1,3471,0,1,mediterranean,0,470341
14450,2168,5,1,1853,1,1193,0,1,victorian,0,180223
75707,2500,6,1,1975,0,1944,0,1,mediterranean,0,208168
91739,2164,5,1,1806,1,1742,1,1,tudor,0,649048
76053,5651,7,4,2017,0,2622,1,1,colonial,0,389670
46710,5933,2,4,1967,1,1250,0,1,ranch,0,190623
81019,15649,6,4,1953,0,1858,0,1,ranch,0,381484
78957,12283,4,4,1899,0,1392,1,1,cottage,0,305594
32217,6670,2,4,1998,0,1445,0,1,contemporary,0,247616
62674,3148,6,1,1982,0,2409,0,1,other,1,74415
20187,2743,5,4,2014,0,2475,1,0,mediterranean,0,583520
02190,16508,2,1,1887,1,2947,0,0,ranch,0,763349
60411,9648,2,4,2001,0,3422,0,1,craftsman,0,254689
31088,7726,7,3,1797,0,7293,0,0,victorian,0,534048
36576,1776,2,4,1963,1,1119,0,0,ranch,0,136801
48346,21352,3,4,1869,0,6700,0,1,ranch,1,591421
08853,2087,2,1,1873,1,2087,0,0,other,1,354659
10463,1418,5,3,1810,1,1418,0,1,other,0,286596
33711,31697,6,3,1867,0,2191,0,1,colonial,0,490714
40223,5796,7,2,1833,1,2645,0,1,ranch,0,457053
87144,2374,3,4,2017,0,1684,0,0,craftsman,0,202308
60120,2893,1,1,2005,0,2079,0,1,craftsman,1,117458
83686,5212,3,2,1927,1,4846,0,1,other,1,405979
19320,47047,7,4,1856,0,4571,0,1,tudor,0,1000129
80631,7392,4,1,1887,0,1468,0,1,contemporary,0,285418
78217,2824,7,3,1894,1,1295,0,0,ranch,0,173028
33511,2773,1,4,1853,0,1894,0,0,cottage,0,210171
19154,3734,2,1,1838,1,3177,0,0,cottage,0,355187
90245,22887,4,4,1815,0,1710,1,1,colonial,0,1438279
81501,23769,3,2,2008,0,2860,0,1,victorian,0,547315
94952,1900,1,4,1966,0,1355,0,0,craftsman,0,584491
94404,17401,4,4,1797,0,6881,0,0,craftsman,1,3037677
37921,3786,2,1,1963,1,1544,1,1,cottage,0,177682
37022,3077,1,3,1905,0,2351,0,1,craftsman,0,174917
38671,4825,1,2,1793,1,1733,0,1,other,0,161660
93101,5122,2,3,1831,0,3682,1,1,other,0,1632171
85143,3109,5,1,1945,0,2395,0,1,craftsman,0,296844
49072,1590,7,1,1992,0,912,1,1,mediterranean,0,69788
76227,2239,7,1,1937,1,1360,1,1,tudor,0,221556
95060,4519,7,3,1864,1,2193,1,0,ranch,0,1131324
78043,3236,1,3,1786,0,2626,0,1,mediterranean,0,148961
02472,22031,5,2,1834,1,2159,0,0,craftsman,0,900139
46319,7051,3,1,1990,0,6650,0,1,cottage,0,476718
07652,8558,2,4,1838,1,8558,0,0,craftsman,0,2249259
78070,13077,7,3,1911,0,1159,1,1,mediterranean,0,420061
42301,5142,5,2,1815,0,1440,0,1,victorian,1,126770
19086,7072,3,1,1907,0,1319,0,1,colonial,0,324694
10927,1152,6,2,1977,1,1152,0,0,colonial,0,177513
77007,11120,6,2,1803,0,1379,0,1,victorian,0,432430
28518,4121,6,1,1938,1,3367,1,0,ranch,0,231584
93612,8127,5,4,1853,1,3142,1,1,craftsman,0,509462
78572,6616,5,4,1877,0,1316,1,1,tudor,0,206795
30047,1938,7,1,1942,1,1358,0,1,ranch,0,203620
27313,1618,5,4,1960,0,1272,0,0,other,0,137955
70070,1921,1,4,1975,0,1574,0,1,cottage,0,154766
92883,2771,7,1,1884,1,2180,0,1,victorian,0,610286
11368,1562,3,3,1864,0,1562,1,1,contemporary,0,297491
02467,4996,3,4,1812,0,1409,0,0,other,1,619131
48310,2388,6,4,1924,0,2165,0,1,craftsman,1,162996
60625,8892,4,1,1931,1,1120,0,1,contemporary,0,329859
98188,19173,4,4,1997,0,2284,1,1,ranch,0,673338
20147,3698,3,3,1820,1,997,0,1,cottage,0,343486
23220,7223,7,4,2015,0,4241,0,1,other,0,690852
43016,4165,7,2,1791,0,2651,1,0,cottage,0,486925
38451,1696,2,3,1811,0,1387,0,1,ranch,1,110429
08861,1236,6,4,2017,0,1236,1,1,tudor,0,250918
11720,3970,2,3,1868,1,3970,0,0,other,0,720816
48047,1152,6,3,1901,1,857,0,1,colonial,0,120459
32825,3983,6,3,1833,1,3004,1,1,victorian,0,452334
55344,5017,3,1,1826,1,4527,0,1,contemporary,0,613386
40222,4096,1,2,1951,1,1270,0,1,tudor,0,258313
60622,3357,5,4,1841,0,2877,0,0,contemporary,0,727279
21757,3434,7,4,1963,1,2128,0,0,mediterranean,0,398415
15205,5649,6,4,1846,0,5420,0,1,ranch,0,386267
54729,2821,3,2,1815,0,1407,0,1,ranch,0,151268
91770,4002,2,1,1846,0,1670,1,1,ranch,0,548584
11742,1055,3,4,1822,1,1055,0,0,ranch,0,239400
77080,10404,6,2,1910,0,5918,0,1,colonial,0,806245
06365,20050,6,4,2006,0,1136,1,1,tudor,0,377062
77479,21501,3,2,1937,0,1327,1,0,tudor,0,492263
76006,13629,2,2,1911,0,2032,0,1,mediterranean,0,386547
77521,2140,1,3,1988,0,1792,0,0,craftsman,0,168285
11225,1020,4,4,1931,1,1020,0,0,other,0,417337
31721,7627,2,4,1900,1,1748,0,0,victorian,0,261352
94587,21084,5,2,1859,0,1390,0,0,craftsman,0,826767
42501,3075,5,3,1861,1,2435,0,0,craftsman,0,147315
74119,2342,5,3,1958,0,1805,0,1,tudor,0,138056
40211,2811,7,1,1793,1,2201,0,1,ranch,1,75717
20017,33326,2,3,1862,0,4882,1,0,victorian,0,1516975
35645,11060,4,1,1875,0,2066,0,1,tudor,0,305918
75149,4345,5,3,1924,0,1836,0,1,craftsman,0,211791
63303,17165,6,2,1826,1,1316,0,1,victorian,0,396979
16630,3532,2,2,1815,1,1376,0,1,contemporary,0,113609
94804,3908,7,3,1795,1,2180,1,0,other,0,722394
75238,6176,4,4,1871,1,1868,1,1,colonial,0,479645
77379,1840,4,3,1820,1,1201,0,0,cottage,0,198335
63090,7247,3,4,1963,0,5281,0,1,contemporary,0,481185
22630,5966,4,1,2001,0,5520,0,0,colonial,0,580038
92220,3421,3,3,1809,0,1888,1,1,other,0,300513
16635,2165,7,2,1982,0,1630,0,1,ranch,0,152413
76093,3868,7,3,1792,0,3397,1,1,colonial,0,399988
76002,11668,6,4,1783,1,1362,0,0,victorian,0,352319
64850,2673,6,4,1883,1,1218,0,1,colonial,1,86348
56467,4468,6,1,1914,1,1338,0,1,craftsman,1,169785
63301,5000,4,4,1985,0,3833,0,1,victorian,1,274926
97127,3068,6,1,2018,0,2706,0,1,other,0,430535
96786,1669,5,3,1984,0,1016,0,1,victorian,0,366568
78741,7732,7,2,1994,0,6963,1,1,contemporary,0,1089256
64057,3902,4,4,1846,1,1908,0,0,ranch,0,234691
32807,4129,5,4,1986,1,3161,0,0,mediterranean,0,361252
03106,1647,2,4,1846,1,1399,1,1,craftsman,0,231954
61319,4173,3,3,1785,0,1669,0,0,contemporary,0,119075
33478,1639,4,4,1822,0,1365,0,0,victorian,0,359277
01609,2462,3,1,2016,0,1203,0,1,mediterranean,0,226819
20902,2618,4,2,1794,1,2206,0,0,tudor,0,497408
45042,2547,6,4,1943,1,1716,0,1,colonial,0,185917
10003,3988,7,2,1925,0,3988,0,0,tudor,0,1876480
62062,2886,5,1,1950,1,1395,0,1,colonial,0,192982
02125,9306,3,3,1877,1,1669,0,1,cottage,0,598854
17201,1960,5,1,1804,0,1255,0,1,victorian,0,129576
85712,1742,1,2,1867,0,1583,0,1,colonial,0,130399
11219,1574,1,4,1780,1,1574,0,0,cottage,0,580457
43026,10956,7,3,1989,0,1208,0,0,mediterranean,0,313882
77478,18304,3,1,1823,1,2624,1,1,colonial,0,607618
93660,7746,6,3,1840,1,2251,0,1,colonial,0,303474
31792,9787,4,1,1829,0,1485,0,1,other,0,192138
03878,1590,5,2,2002,0,1211,0,1,colonial,0,179166
70301,4070,6,4,1969,1,1408,0,1,craftsman,0,196637
66720,3862,4,2,1893,0,2694,1,0,victorian,0,89498
77375,3829,5,4,1821,0,1649,1,1,tudor,0,245001
16142,3506,1,2,1907,1,2150,0,1,colonial,0,207526
78232,2477,2,2,1826,1,2248,1,1,mediterranean,0,336081
34689,1738,6,3,1891,1,1127,0,0,contemporary,0,179930
85382,5392,2,4,1889,1,4839,1,1,other,0,672656
44889,35578,6,4,1882,1,3226,0,0,colonial,0,627130
34711,6364,3,4,1975,0,6067,0,1,craftsman,0,747455
43512,15135,2,3,1859,1,3051,0,0,other,0,310631
21703,6585,2,2,1856,1,1819,1,0,tudor,0,343037
53228,14577,1,3,2020,0,1372,0,1,craftsman,0,304214
79830,1791,2,3,1928,1,1420,0,1,ranch,0,132273
01609,2462,3,1,2016,0,1203,0,1,mediterranean,0,226819
32607,22181,7,1,1916,0,1032,0,0,cottage,0,353882
30132,3268,5,1,1956,1,1754,0,1,ranch,0,232494
84074,27886,4,2,1784,1,2944,0,0,cottage,0,669012
35120,3073,4,2,1937,1,1255,0,1,tudor,0,185615
55337,6163,4,1,1891,0,4400,0,1,other,0,621940
64724,10148,3,1,2003,0,1805,1,1,other,1,138174
90011,1708,1,1,1869,1,1086,0,0,mediterranean,0,262539
15668,2612,1,2,1823,0,1918,0,0,craftsman,0,261395
95111,2126,2,2,1798,0,1022,0,1,craftsman,0,427703
19115,10584,1,2,1945,0,6649,0,1,victorian,0,804370
85259,3543,4,4,1808,1,2417,0,1,cottage,0,874514
22971,5784,6,3,1906,1,2718,1,0,colonial,0,300865
66204,8716,1,1,1793,0,3517,0,0,victorian,0,389004
11379,2113,2,3,1802,0,2113,0,1,cottage,0,811606
91911,14034,3,3,1901,1,2362,1,1,victorian,0,781000
30014,2125,6,3,1817,1,1858,0,0,mediterranean,0,212844
74017,5269,2,2,1818,0,2005,0,1,cottage,0,198719
95928,8123,4,2,2013,0,2096,1,1,victorian,0,509704
45030,3348,6,3,1784,1,1628,0,0,contemporary,0,236237
01801,1670,7,2,1798,0,1104,0,0,craftsman,0,310869
14517,2017,7,3,1921,1,932,0,1,contemporary,0,103007
23322,5774,7,3,1797,1,2080,0,0,ranch,0,471517
62848,7184,2,2,1875,0,2129,0,1,craftsman,0,149391
92025,1715,6,1,1892,1,1461,0,0,tudor,0,453171
14214,2732,4,2,1936,0,1532,0,1,tudor,0,162449
55303,3059,4,4,1910,0,2025,0,1,craftsman,0,290993
32822,14015,4,4,2008,0,1299,0,1,contemporary,0,292334
92555,5809,6,4,2000,0,2034,0,1,tudor,0,511242
55309,1513,6,1,1847,1,1363,0,0,other,0,195888
10065,1890,5,2,1985,0,1890,1,0,tudor,0,1152962
02871,6805,3,1,1845,1,1101,0,0,cottage,0,328463
83714,2070,3,3,1892,1,1800,0,0,colonial,0,323494
40353,91997,6,1,1952,0,1370,1,1,ranch,0,962025
11207,1772,6,3,1934,0,1772,0,0,mediterranean,0,432871
92081,2492,3,3,1820,1,2256,0,0,tudor,0,675530
98682,3597,7,1,1898,0,1141,0,0,craftsman,0,264538
11423,1894,6,3,1971,0,1894,0,0,colonial,0,564930
77401,3478,1,3,1788,0,2917,1,1,mediterranean,0,1224120
59101,2268,2,4,1788,1,1991,0,1,cottage,0,229911
96734,2926,5,4,1820,1,2387,0,1,ranch,0,1209206
83646,28312,2,1,1786,0,1761,0,1,victorian,1,408205
85204,3018,3,4,1937,1,912,1,1,tudor,0,210151
29526,7857,1,3,1862,0,1922,0,1,tudor,0,251904
33435,3489,6,1,2008,0,2938,0,1,craftsman,0,294369
91350,4299,4,1,1837,1,1419,0,1,colonial,0,467718
96793,3477,1,4,2011,0,2333,0,1,other,0,722983
92404,2018,7,4,1985,0,1511,0,1,craftsman,0,257511
48228,2495,5,4,1832,1,1408,0,0,colonial,0,98604
22207,3240,2,2,1980,1,1736,0,0,cottage,0,1061501
76140,33286,4,4,1986,1,2080,0,1,victorian,0,545796
55433,1284,1,4,1933,0,1055,0,1,victorian,0,125118
33761,8487,3,3,1826,1,7928,0,1,colonial,1,533113
06831,2249,6,3,1854,0,1108,0,1,cottage,1,500923
92887,3892,1,2,1903,1,3473,1,1,contemporary,0,1484650
29485,11231,5,1,1997,0,2227,0,1,contemporary,0,371807
60645,4981,4,3,2005,0,1991,0,0,victorian,0,376276
06106,2006,7,2,1835,0,1852,0,1,colonial,0,129335
33024,6479,4,2,2015,0,1304,0,0,cottage,0,287225
77418,2550,4,1,1885,0,1605,0,1,cottage,0,202266
83704,2424,1,3,1846,0,1472,0,1,victorian,0,250945
06515,11955,2,4,1807,1,3137,0,1,victorian,0,456915
36116,6611,3,2,1875,1,2324,0,1,other,0,162230
32814,6581,2,2,1938,0,1591,0,0,other,1,318945
65233,11028,5,3,1951,0,4871,0,1,craftsman,0,403934
45322,5733,6,1,1832,0,3131,0,0,craftsman,1,176070
39476,15710,7,1,1824,0,1648,0,1,cottage,1,160081
14527,4003,7,2,1793,1,3583,1,1,craftsman,0,360465
91381,9724,1,1,1847,0,1059,0,1,cottage,0,520971
92113,12782,7,2,1866,1,1505,0,1,colonial,0,495297
32548,2658,7,3,1880,1,2225,0,0,victorian,0,289518
32619,3957,3,3,1898,1,1550,0,1,other,0,182611
92886,3678,4,3,1859,0,3362,0,1,ranch,0,1307538
21230,3638,4,4,1839,0,2369,0,1,cottage,0,269724
61822,6266,6,3,1838,1,1514,0,1,contemporary,0,276101
07052,1250,1,2,1997,0,1250,0,0,cottage,0,258560
94603,2961,5,4,1985,0,1684,0,0,craftsman,0,457437
68801,2799,2,3,1865,0,2598,0,1,craftsman,0,147721
38646,4412,4,1,1923,0,1545,0,1,contemporary,0,150688
33160,2949,3,1,1900,0,2425,1,1,cottage,0,417627
95682,6885,7,3,1877,1,1678,0,1,colonial,0,532755
75056,14513,7,4,2011,0,4334,0,0,contemporary,0,816954
33133,3444,3,4,1826,1,1839,0,1,tudor,1,422157
33952,246689,4,2,1872,1,2254,0,1,tudor,0,2557656
80111,5179,4,3,1906,1,2089,0,0,ranch,0,778168
83501,8802,3,2,1785,1,2154,0,0,ranch,0,375792
65041,5818,1,2,1908,1,1893,0,0,victorian,0,214996
90630,12025,7,3,1780,1,1095,0,1,craftsman,0,582415
53226,2817,6,1,1803,0,1374,0,1,mediterranean,0,220484
64491,4490,4,4,1991,0,2006,0,1,cottage,0,109178
60652,38487,1,1,1800,1,1216,0,1,ranch,0,482539
81226,5446,4,4,1857,1,1630,0,1,tudor,0,264188
11228,1160,4,4,1890,0,1160,0,1,craftsman,0,604831
97527,1688,1,4,2020,0,1472,0,1,mediterranean,0,245003
48335,7166,7,2,1999,0,3298,0,1,tudor,0,601797
65608,15029,5,3,2003,0,1634,0,1,victorian,0,262964
07728,2928,4,1,1872,1,1117,0,0,mediterranean,1,188650
72529,1838,5,2,1877,1,1540,0,1,craftsman,0,61329
70586,4706,2,2,1907,1,1947,0,1,victorian,0,150660
15106,1499,1,4,1907,1,1001,0,1,colonial,0,100531
95834,2600,2,3,1995,0,1023,0,1,craftsman,1,169005
15417,1481,7,4,1872,1,1129,0,1,mediterranean,0,92314
38369,3294,7,1,1942,1,3099,0,1,cottage,0,135051
78526,2993,5,4,1928,1,2216,1,1,contemporary,0,195944
93401,1561,4,1,2020,0,1187,1,0,ranch,0,469792
29567,7418,3,2,1847,1,5824,0,1,tudor,0,136465
11232,1625,3,4,1983,0,1625,0,0,tudor,0,482190
80109,4968,1,4,1971,0,1825,0,1,ranch,0,457491
74857,4816,4,2,1905,1,3220,0,1,contemporary,0,282430
31321,7993,3,2,1859,1,1725,0,1,craftsman,0,213057
91406,21717,6,3,1795,0,2178,0,0,contemporary,0,901465
93722,7524,2,4,1868,1,1596,1,0,craftsman,0,321282
89120,10528,5,3,1993,0,1630,0,1,victorian,0,350823
74011,12098,2,1,1874,1,2069,0,1,tudor,0,318312
37075,5421,4,4,1896,1,928,0,1,craftsman,0,250027
99216,2865,5,2,2013,0,1402,0,1,craftsman,0,232119
08004,3303,1,2,1970,0,2931,0,1,colonial,0,241275
19124,6270,6,4,2014,0,1495,0,1,ranch,1,121611
66104,3521,5,3,1983,1,1234,0,0,cottage,0,147485
43616,67260,3,1,1850,1,2468,0,1,colonial,0,832600
35204,3052,2,4,1931,1,1110,0,1,colonial,0,77456
33703,16317,1,3,1811,1,3727,0,0,victorian,0,618119
17501,8312,6,3,1888,0,7935,0,1,tudor,1,532611
20657,25493,4,4,1837,1,2239,0,0,contemporary,0,532963
60110,64161,5,1,1905,1,1988,0,0,other,0,795614
63026,2509,7,2,1987,0,1776,1,1,other,0,249464
27203,3327,4,2,1900,1,2921,0,0,ranch,0,150688
06365,20050,6,4,2006,0,1136,1,1,tudor,0,377062
90046,10732,1,1,2020,0,2063,1,1,cottage,0,1645975
21090,17268,2,1,1781,1,880,0,1,contemporary,0,329558
15137,5103,4,3,1967,1,1527,0,1,other,0,153027
79707,2281,3,1,1933,1,1106,1,1,craftsman,0,249869
72921,3716,6,2,1903,0,3194,0,1,mediterranean,0,252005
30033,4874,4,1,1893,0,3121,0,0,colonial,0,543583
97008,97734,5,4,1806,1,971,0,0,contemporary,0,1203132
50325,6715,2,1,1799,0,4176,0,1,other,0,587037
72623,4099,2,2,2000,0,1401,0,1,ranch,0,159949
77477,10650,4,4,1951,0,2648,0,1,cottage,0,364322
72015,4641,5,2,1896,0,3812,0,1,mediterranean,0,253121
37075,5421,4,4,1896,1,928,0,1,craftsman,0,250027
50702,2391,3,3,1906,1,1385,0,1,cottage,1,64864
78240,11813,3,3,1917,1,1285,1,1,ranch,0,267464
21060,14101,4,2,1924,0,1619,0,0,victorian,0,404980
